"gene","p_val","avg_log2FC","pct.1","pct.2","p_val_adj","cluster"
"HIBCH",0,1.28511981219645,0.499,0.439,0,"0"
"PIEZO2",0,1.15925315834032,0.476,0.294,0,"0"
"DOCK10",0,1.1475613529923,0.725,0.529,0,"0"
"TLE4",0,1.14459489702855,0.552,0.433,0,"0"
"DUBR",0,1.12565066199459,0.483,0.326,0,"0"
"PEX5L",0,1.11209535877605,0.711,0.543,0,"0"
"FRMD5",0,1.10570834327568,0.719,0.559,0,"0"
"ABCA8",0,1.09990822255106,0.583,0.376,0,"0"
"AC009063.2",0,1.05715538799053,0.307,0.131,0,"0"
"GRM3",0,1.0509398685461,0.615,0.439,0,"0"
"CRYAB",0,1.66575079750902,0.936,0.462,0,"1"
"SELENOP",0,1.57385729632921,0.702,0.283,0,"1"
"PLP1",0,1.54587693305051,0.999,0.594,0,"1"
"CNP",0,1.45464946452484,0.89,0.407,0,"1"
"ERMN",0,1.36002511651578,0.666,0.251,0,"1"
"LINC00844",0,1.3547893149905,0.446,0.119,0,"1"
"APLP1",0,1.34073528304156,0.902,0.49,0,"1"
"APOD",0,1.32919292954871,0.73,0.272,0,"1"
"MAG",0,1.31925184788081,0.728,0.306,0,"1"
"MAL",0,1.30622329843386,0.686,0.281,0,"1"
"OPALIN",0,1.97551682297208,0.748,0.139,0,"2"
"LINC01608",0,1.79895854329885,0.778,0.21,0,"2"
"PALM2",0,1.65843205471051,0.707,0.225,0,"2"
"HHIP",0,1.61836605533794,0.791,0.256,0,"2"
"LINC01170",0,1.47881955497293,0.511,0.151,0,"2"
"PPP2R2B",0,1.44904228178578,0.889,0.602,0,"2"
"UNC5C",0,1.35082153653772,0.861,0.471,0,"2"
"ANK3",0,1.34935843154144,0.908,0.57,0,"2"
"KCNAB1",0,1.32188237152304,0.461,0.145,0,"2"
"SIK3",0,1.31899050398179,0.905,0.625,0,"2"
"LINC01505",0,2.04147578402551,0.568,0.12,0,"3"
"SLC5A11",0,1.64369978730235,0.807,0.222,0,"3"
"LINC00609",0,1.60547145801317,0.886,0.345,0,"3"
"MOBP",0,1.53220800429844,0.959,0.438,0,"3"
"LMCD1-AS1",0,1.45113115371644,0.802,0.326,0,"3"
"ST18",0,1.44780337124626,0.967,0.465,0,"3"
"KCTD8",0,1.4444005327941,0.761,0.274,0,"3"
"CTNNA3",0,1.43744574973382,0.937,0.492,0,"3"
"NKAIN2",0,1.429597943348,0.931,0.526,0,"3"
"PRR5L",0,1.40880402543576,0.738,0.225,0,"3"
"HSPH1",0,3.20552444166803,0.72,0.31,0,"4"
"ELOVL5",0,2.74653836168013,0.709,0.255,0,"4"
"HSPD1",0,2.51482308175755,0.653,0.222,0,"4"
"DNAJB1",0,2.47513531665328,0.666,0.166,0,"4"
"HSP90AA1",0,2.41204762011257,0.942,0.738,0,"4"
"DNAJA4",0,2.26484713398306,0.472,0.121,0,"4"
"PTGES3",0,2.13837455404408,0.751,0.336,0,"4"
"FOS",0,2.1215766719452,0.48,0.068,0,"4"
"MSMO1",0,2.09130762057605,0.528,0.119,0,"4"
"HSPA1B",0,2.05029272373822,0.548,0.147,0,"4"
"DPP10",0,3.23207835028649,0.594,0.229,0,"5"
"SLC1A2",0,3.19460914052778,0.774,0.134,0,"5"
"ADGRV1",0,3.19129584947437,0.756,0.069,0,"5"
"AQP4",0,3.11067847783433,0.712,0.057,0,"5"
"SLC14A1",0,3.05188801007933,0.598,0.03,0,"5"
"GJA1",0,2.97027291335516,0.628,0.04,0,"5"
"GLIS3",0,2.80105375747974,0.578,0.079,0,"5"
"LINC01088",0,2.74416288698909,0.365,0.042,0,"5"
"GFAP",0,2.73475383550005,0.705,0.133,0,"5"
"ADCY2",0,2.67039996683136,0.62,0.145,0,"5"
"LRMDA",0,4.17971791209024,0.708,0.07,0,"6"
"ARHGAP24",0,3.91929421867056,0.763,0.068,0,"6"
"CD74",0,3.91433882202939,0.686,0.03,0,"6"
"DOCK8",0,3.55391154437031,0.694,0.018,0,"6"
"AC074327.1",0,3.53444928359205,0.56,0.008,0,"6"
"RUNX1",0,3.40469708010847,0.639,0.056,0,"6"
"FYB1",0,3.39010565032491,0.636,0.011,0,"6"
"TBXAS1",0,3.38603192183116,0.67,0.023,0,"6"
"APBB1IP",0,3.38075637158738,0.668,0.018,0,"6"
"PLXDC2",0,3.34780918273227,0.848,0.391,0,"6"
"TNR",0,4.4819242339995,0.882,0.087,0,"7"
"LHFPL3",0,4.43068305851819,0.647,0.075,0,"7"
"PCDH15",0,4.18019290518651,0.728,0.046,0,"7"
"PTPRZ1",0,4.15608820174994,0.929,0.11,0,"7"
"VCAN",0,4.06908354701234,0.888,0.062,0,"7"
"DSCAM",0,4.00118539309177,0.72,0.139,0,"7"
"LRRC4C",0,3.46174783323867,0.801,0.315,0,"7"
"MMP16",0,3.25067739842849,0.739,0.109,0,"7"
"LUZP2",0,3.22372003737201,0.684,0.065,0,"7"
"MEGF11",0,3.20323672982289,0.636,0.02,0,"7"
"MEG3",0,2.93197151125627,0.925,0.19,0,"8"
"KCNIP4",0,2.70064875997476,0.594,0.24,0,"8"
"ENC1",0,2.54250302384136,0.896,0.098,0,"8"
"LRRTM4",0,2.5016216627475,0.652,0.196,0,"8"
"HS6ST3",0,2.46500502415628,0.665,0.1,0,"8"
"CBLN2",0,2.3927523751768,0.546,0.031,0,"8"
"DGKB",0,2.32296495356695,0.668,0.113,0,"8"
"STXBP5L",0,2.26710172639568,0.742,0.159,0,"8"
"CAMK2A",0,2.21681489933031,0.833,0.118,0,"8"
"CHN1",0,2.21134129215402,0.942,0.258,0,"8"
"MEG3",0,2.98082425585914,0.905,0.191,0,"9"
"SNHG14",0,2.29972661561874,0.81,0.197,0,"9"
"MIAT",0,2.28394796086336,0.692,0.131,0,"9"
"KCNIP4",0,2.20043195037786,0.457,0.245,0,"9"
"KCNIP4-IT1",0,2.08572991731943,0.394,0.037,0,"9"
"CHN1",0,2.06732348552496,0.836,0.262,0,"9"
"FAM153CP",0,2.04954910792658,0.431,0.052,0,"9"
"KCTD16",0,2.0396714209922,0.569,0.139,0,"9"
"CAMK2A",0,2.02790850593401,0.656,0.125,0,"9"
"SYT1",0,2.0006100278116,0.904,0.25,0,"9"
"RORB",0,2.8599148799442,0.844,0.069,0,"10"
"CNTN5",0,2.75139249623225,0.566,0.092,0,"10"
"RALYL",0,2.64924252224523,0.685,0.113,0,"10"
"KCNIP4",0,2.49620570970622,0.65,0.241,0,"10"
"KCNQ5",0,2.45341123807685,0.658,0.105,0,"10"
"SYT1",0,2.44754902247482,0.994,0.252,0,"10"
"TENM2",0,2.44297436226356,0.589,0.121,0,"10"
"FAM19A2",0,2.33800504930939,0.49,0.102,0,"10"
"KHDRBS2",0,2.2495064441465,0.575,0.128,0,"10"
"SNTG1",0,2.22107643339384,0.793,0.151,0,"10"
"GRIK1",0,3.6987112687898,0.573,0.065,0,"11"
"ZNF385D",0,3.23023456136279,0.698,0.064,0,"11"
"SST",0,3.00010059072471,0.302,0.009,0,"11"
"ROBO2",0,2.94364355242985,0.571,0.147,0,"11"
"NXPH1",0,2.8760579354697,0.591,0.043,0,"11"
"KIAA1217",0,2.83393456176316,0.561,0.096,0,"11"
"CNTNAP2",0,2.80658932232118,0.751,0.295,0,"11"
"KCNC2",0,2.69163169680059,0.66,0.071,0,"11"
"GAD1",0,2.68975497839551,0.677,0.044,0,"11"
"DLGAP1",0,2.66778849390036,0.729,0.211,0,"11"
"CXCL14",0,3.46634629011231,0.575,0.016,0,"12"
"DLX6-AS1",0,3.39809632628208,0.76,0.02,0,"12"
"CCK",0,3.16878114520648,0.575,0.115,0,"12"
"SYNPR",0,3.1257787705241,0.77,0.05,0,"12"
"CNR1",0,2.99534076321601,0.563,0.03,0,"12"
"GALNTL6",0,2.92243765112346,0.477,0.061,0,"12"
"VIP",0,2.83750735543116,0.458,0.002,0,"12"
"ADARB2",0,2.83051743517629,0.622,0.307,0,"12"
"RGS12",0,2.59292684162425,0.765,0.151,0,"12"
"ROBO2",0,2.51509178115684,0.663,0.146,0,"12"
"SNHG14",0,2.47513142766496,0.86,0.206,0,"13"
"MEG3",0,2.47100420088304,0.854,0.204,0,"13"
"SYT1",0,1.54543739489918,0.632,0.266,0,"13"
"CCDC144A",7.67650360569491e-264,1.84734999159695,0.265,0.095,3.32407959133801e-259,"13"
"CHN1",1.41392537385655e-200,1.66303593749448,0.448,0.28,6.12257965387365e-196,"13"
"RIMS2",7.52960523184606e-139,1.59633188228053,0.306,0.171,3.26046965749398e-134,"13"
"MIAT",2.23549869548075e-120,1.63786946683159,0.27,0.149,9.68015645117076e-116,"13"
"LINC00632",5.91476266348751e-97,1.69317663668339,0.419,0.354,2.56121052854336e-92,"13"
"SCN2A",2.86189770277169e-92,1.58264148979883,0.275,0.174,1.2392589432542e-87,"13"
"STXBP5L",5.25947035534426e-89,1.61411555514156,0.281,0.178,2.27745585327117e-84,"13"
"ENC1",0,3.41740442581581,0.761,0.114,0,"14"
"CHN1",0,3.37571393967764,0.921,0.271,0,"14"
"NRGN",0,3.26217130902618,0.794,0.144,0,"14"
"SNAP25",0,3.17127766484096,0.904,0.259,0,"14"
"SLC17A7",0,3.07098443419841,0.678,0.095,0,"14"
"VSNL1",0,2.99482342248457,0.701,0.148,0,"14"
"STMN2",0,2.95902076836764,0.6,0.106,0,"14"
"NEFL",0,2.95069258347901,0.568,0.083,0,"14"
"THY1",0,2.94444184712616,0.653,0.131,0,"14"
"CCK",0,2.94108977155554,0.617,0.116,0,"14"
"GFAP",0,3.35102876416535,0.49,0.17,0,"15"
"VIM",0,2.81785075547788,0.318,0.074,0,"15"
"CLU",0,2.15618329057478,0.667,0.432,0,"15"
"APOE",2.48698380557323e-274,2.25360176119961,0.365,0.148,1.07691372748932e-269,"15"
"CST3",2.08711758482202e-248,2.52773871907922,0.383,0.176,9.03763656579633e-244,"15"
"AQP4",3.65006938249759e-240,2.03806284020705,0.285,0.102,1.58055304400911e-235,"15"
"FAM107A",2.72603071262444e-188,2.21080135228505,0.262,0.105,1.18042581918063e-183,"15"
"SPARC",6.351605164464e-140,2.04041463473698,0.268,0.128,2.7503720683162e-135,"15"
"CPE",1.16576448447034e-68,1.59871122290584,0.333,0.232,5.04799337065345e-64,"15"
"DPP10",2.15660778041884e-36,1.74979791856692,0.321,0.255,9.33854301076967e-32,"15"
"FLT1",0,4.66974094104094,0.703,0.013,0,"16"
"CLDN5",0,4.6546796643646,0.719,0.006,0,"16"
"ABCB1",0,4.1612931816761,0.613,0.01,0,"16"
"ADAMTS9",0,3.86405541552603,0.487,0.029,0,"16"
"EPAS1",0,3.83175297311765,0.762,0.02,0,"16"
"IFITM3",0,3.78166447634284,0.688,0.055,0,"16"
"MT2A",0,3.6987577728065,0.687,0.169,0,"16"
"IFI27",0,3.60379343220049,0.52,0.013,0,"16"
"TMSB10",0,3.45720440628704,0.731,0.22,0,"16"
"VWF",0,3.44668737205574,0.585,0.015,0,"16"
"ROBO2",0,3.335995638915,0.693,0.149,0,"17"
"ASIC2",0,3.12487875693641,0.533,0.088,0,"17"
"KIAA1217",0,2.99614976874768,0.663,0.099,0,"17"
"RALYL",0,2.76916157754338,0.702,0.12,0,"17"
"HS3ST4",0,2.72935382194735,0.656,0.096,0,"17"
"NRG1",0,2.63357857040234,0.479,0.06,0,"17"
"MDGA2",0,2.4471132193854,0.675,0.173,0,"17"
"FRMPD4",0,2.36350152086421,0.623,0.101,0,"17"
"CSMD1",0,2.36000741805388,0.728,0.233,0,"17"
"MEG3",0,2.34904141502889,0.817,0.208,0,"17"
"SLC1A2",0,4.30609428609927,0.996,0.17,0,"18"
"GPC5",0,4.11040503480761,0.835,0.144,0,"18"
"ADGRV1",0,3.68913925139731,0.959,0.109,0,"18"
"HPSE2",0,3.62470068451321,0.726,0.034,0,"18"
"RNF219-AS1",0,3.40634113745547,0.743,0.039,0,"18"
"CTNNA2",0,3.29613057330661,0.842,0.23,0,"18"
"SLC4A4",0,3.28671703994351,0.85,0.063,0,"18"
"ZNF98",0,3.212249027981,0.659,0.033,0,"18"
"NKAIN3",0,3.1701296486171,0.768,0.088,0,"18"
"TRPM3",0,3.16783848449629,0.783,0.104,0,"18"
"PLOD2",0,4.45913586327392,0.705,0.075,0,"19"
"FAM189A2",0,3.6937938987193,0.651,0.055,0,"19"
"CD44",0,3.65204052453815,0.81,0.053,0,"19"
"ABCA1",0,3.42923789073413,0.632,0.1,0,"19"
"GLIS3",0,3.41138636581339,0.806,0.109,0,"19"
"NAMPT",0,3.34262926249576,0.686,0.122,0,"19"
"CNN3",0,3.33484137272754,0.746,0.117,0,"19"
"CHI3L1",0,3.29084301535543,0.37,0.027,0,"19"
"WWC1",0,3.20853452023986,0.647,0.063,0,"19"
"SAMD4A",0,3.17723672116079,0.777,0.21,0,"19"
"P4HA1",0,4.14160008049797,0.917,0.215,0,"20"
"SAMSN1",0,3.91051775773224,0.856,0.028,0,"20"
"CD83",0,3.87882916909213,0.732,0.021,0,"20"
"ACSL1",0,3.72152408236758,0.921,0.2,0,"20"
"RAPGEF1",0,3.62120949281111,0.907,0.163,0,"20"
"HIF1A",0,3.44736365150843,0.867,0.158,0,"20"
"GNA13",0,3.40252171244697,0.869,0.13,0,"20"
"FAM13A",0,3.35905205203333,0.816,0.146,0,"20"
"APBB1IP",0,3.24754630186223,0.805,0.044,0,"20"
"ADAM28",0,3.15973483586322,0.823,0.036,0,"20"
"KIT",0,3.56967819348818,0.776,0.016,0,"21"
"GAD2",0,3.39735417481784,0.841,0.028,0,"21"
"FGF13",0,3.25356779584664,0.676,0.041,0,"21"
"CXCL14",0,3.20514231385391,0.561,0.024,0,"21"
"GRIP1",0,3.09750468457071,0.554,0.089,0,"21"
"ADARB2",0,3.07291272750167,0.699,0.311,0,"21"
"RELN",0,3.04636855057357,0.339,0.071,0,"21"
"SLC6A1",0,3.04205913810132,0.929,0.257,0,"21"
"GRIK1",0,2.94554114804338,0.754,0.072,0,"21"
"PTPRT",0,2.93463929283368,0.759,0.086,0,"21"
"PARP8",0,3.86467052906263,0.541,0.105,0,"22"
"SKAP1",0,3.71762762955744,0.521,0.004,0,"22"
"THEMIS",0,3.50138728472452,0.453,0.031,0,"22"
"PTPRC",0,3.49912292566788,0.614,0.046,0,"22"
"CAMK4",0,3.31698546763609,0.459,0.088,0,"22"
"RPL3",5.19088024634964e-254,3.77718352905415,0.504,0.147,2.24775496427432e-249,"22"
"RPS2",2.63788905810696e-234,3.70236399305584,0.566,0.203,1.14225871994148e-229,"22"
"RPS18",2.09239800963749e-161,3.52458786383945,0.412,0.137,9.06050186133226e-157,"22"
"RPS6",1.35338841190549e-140,3.51829560047539,0.478,0.201,5.86044250123314e-136,"22"
"RPS4X",7.72388804351718e-104,3.70416830658351,0.381,0.159,3.34459800060381e-99,"22"
"CFAP299",0,5.80911725691511,0.971,0.014,0,"23"
"DNAH9",0,4.87150176961889,0.966,0.037,0,"23"
"CFAP54",0,4.80388720530346,0.976,0.057,0,"23"
"DNAH11",0,4.43890002898265,0.941,0.026,0,"23"
"DCDC1",0,4.27903644942222,0.94,0.025,0,"23"
"TMEM232",0,4.25180217248229,0.968,0.147,0,"23"
"SPAG17",0,4.23091282155424,0.959,0.008,0,"23"
"CFAP47",0,4.20319067648015,0.922,0.028,0,"23"
"CFAP43",0,4.1704444238284,0.96,0.042,0,"23"
"DNAH7",0,3.95343132467382,0.947,0.063,0,"23"
"KCNIP4",0,3.09767878797877,0.821,0.25,0,"24"
"AC011287.1",5.73794722058115e-261,3.27319949997416,0.256,0.031,2.48464590545605e-256,"24"
"RBFOX1",9.85755706820745e-254,2.86989083522149,0.776,0.279,4.26851936167519e-249,"24"
"NRG1",1.07128929013595e-251,2.94723200114629,0.376,0.065,4.6388968841467e-247,"24"
"CNTN5",8.40140827597624e-241,3.50434071373803,0.472,0.104,3.63797781166323e-236,"24"
"RALYL",1.62957025667719e-222,2.86612280042396,0.516,0.127,7.05636512546359e-218,"24"
"DLGAP2",1.35510209592946e-204,3.16701300864361,0.416,0.093,5.86786309579377e-200,"24"
"FSTL4",1.607052317376e-138,3.13498208608051,0.256,0.051,6.95885794470156e-134,"24"
"TRPM3",2.99757105797651e-122,3.23784108163671,0.373,0.111,1.29800821952499e-117,"24"
"FAM19A1",1.66604820515245e-102,2.97885781673874,0.268,0.069,7.21432193795116e-98,"24"
"CEMIP",0,5.39207812872249,0.792,0.045,0,"25"
"LAMA2",0,4.88665100369054,0.89,0.16,0,"25"
"LINC01088",0,4.04676178306014,0.807,0.063,0,"25"
"DCN",0,3.9356551317936,0.779,0.014,0,"25"
"ABCA9",0,3.83263609668769,0.835,0.095,0,"25"
"BICC1",0,3.77612783150855,0.754,0.053,0,"25"
"AC092957.1",0,3.74951608960917,0.674,0.007,0,"25"
"USP53",0,3.72240278017937,0.697,0.083,0,"25"
"FBLN1",0,3.70512791048249,0.718,0.014,0,"25"
"SVIL",0,3.64458555082284,0.746,0.037,0,"25"
