"","p_val","avg_log2FC","pct.1","pct.2","p_val_adj"
"BCL6",0,1.95297083273398,0.675,0.054,0
"ERBIN",0,1.61704704292068,0.928,0.452,0
"B2M",0,1.59658810511853,0.729,0.174,0
"PTPN13",0,1.44102443497429,0.811,0.262,0
"TPST1",0,1.43987012070431,0.532,0.086,0
"GPR155",0,1.35570510581246,0.533,0.051,0
"GTF2H2C",0,1.3256632107141,0.529,0.065,0
"AC116366.3",0,1.29435599605488,0.516,0.095,0
"CD47",0,1.25674607461528,0.772,0.272,0
"PLA2G4C",0,1.23086185105029,0.694,0.225,0
"CNDP1",0,1.22614405243333,0.836,0.402,0
"KCNMB4",0,1.22482901313787,0.86,0.406,0
"CAMK2D",0,1.20189103237146,0.589,0.161,0
"AC006059.1",0,1.1628091654459,0.657,0.224,0
"GALNT15",0,1.15161376823909,0.552,0.121,0
"ALDH3A2",0,1.09984289889833,0.579,0.088,0
"AC016831.7",0,1.0954364689332,0.822,0.338,0
"L3MBTL4",0,1.08533139637384,0.735,0.315,0
"SH3PXD2B",0,1.07816682408981,0.644,0.19,0
"QDPR",0,1.07341542903559,0.872,0.384,0
"TXNRD1",0,1.05474402969162,0.506,0.085,0
"CD55",0,1.04635103034623,0.603,0.142,0
"PTPRJ",0,1.04525142897813,0.739,0.271,0
"LURAP1L-AS1",0,1.04452887940067,0.604,0.152,0
"CDH19",0,1.03784625028827,0.758,0.305,0
"STK3",0,1.02657220290486,0.727,0.27,0
"ASAP1",0,1.02607685912672,0.623,0.195,0
"GLUL",0,1.00600352204977,0.798,0.331,0
"ATP2B4",0,0.984933472730897,0.562,0.129,0
"ELF2",0,0.982251034003475,0.836,0.393,0
"RHOQ",0,0.956093815953081,0.5,0.091,0
"AC096564.1",0,0.953919032440651,0.589,0.179,0
"TIAM1",0,0.946590628970585,0.553,0.145,0
"RPS6KA2",0,0.944268505301195,0.699,0.28,0
"AC013394.1",0,0.944001478956975,0.518,0.133,0
"H3F3B",0,0.9419649521101,0.764,0.282,0
"TMSB10",0,0.933929327413202,0.513,0.059,0
"ZNF708",0,0.929812469480132,0.786,0.322,0
"TSC22D4",0,0.922292663261285,0.717,0.21,0
"PDE4DIP",0,0.911765785616827,0.685,0.264,0
"DOCK1",0,0.908932788336238,0.869,0.463,0
"FKBP5",0,0.894135765517008,0.69,0.258,0
"ELL2",0,0.87925442662146,0.807,0.442,0
"NAV2",3.29631902269383e-280,0.87830631012694,0.624,0.271,1.42737206320688e-275
"SLC9A9",0,0.860399458766664,0.78,0.375,0
"SELENOW",0,0.852625749565299,0.696,0.191,0
"ANO4",0,0.851411533980799,0.821,0.403,0
"STAT3",0,0.843062474358544,0.55,0.125,0
"HIVEP2",0,0.839840350833868,0.515,0.152,0
"CSMD2",0,0.835153231236471,0.544,0.166,0
"ADGRL3",0,0.8323949080162,0.527,0.179,0
"HDAC4",0,0.830045408866302,0.685,0.264,0
"ELOVL5",0,0.828049984642421,0.617,0.235,0
"SH3RF1",0,0.82141679477536,0.519,0.157,0
"RETREG1",0,0.81913027357171,0.794,0.346,0
"HDAC2-AS2",5.75695325205361e-254,0.814333826029949,0.678,0.302,2.49287589720426e-249
"NCOA1",0,0.813543612168477,0.796,0.379,0
"C1QTNF3-AMACR",0,0.798707461336534,0.767,0.367,0
"ADK",0,0.793787282257344,0.554,0.201,0
"CLU",0,0.790212133864222,0.733,0.177,0
"UBC",0,0.782277953547388,0.697,0.206,0
"ARHGAP21",0,0.771698382633438,0.938,0.654,0
"PCGF5",0,0.770625154597918,0.754,0.336,0
"ROBO1",0,0.769446696239799,0.804,0.395,0
"TANC1",0,0.769189084032555,0.69,0.304,0
"PHACTR1",0,0.761438045319088,0.57,0.208,0
"PALM2",8.71678473394707e-280,0.757829376787506,0.753,0.369,3.77454212549376e-275
"CCNH",0,0.756796956239157,0.752,0.337,0
"EEPD1",0,0.754252102365317,0.601,0.228,0
"DENND4A",0,0.746003091735198,0.684,0.269,0
"WDFY3",0,0.745883173268166,0.827,0.432,0
"CNOT2",0,0.743735683888913,0.677,0.284,0
"NAIP",0,0.741114335160885,0.653,0.234,0
"PICALM",0,0.738766203670679,0.882,0.521,0
"KDM4C",0,0.731747339742874,0.728,0.318,0
"NKX6-2",0,0.724330328270881,0.798,0.349,0
"FTH1",8.94981284233988e-298,0.717516571510154,0.926,0.663,3.87544795699002e-293
"DLC1",1.73224552026105e-239,0.717373450668809,0.863,0.545,7.50096955183438e-235
"PDXDC1",0,0.713200120172801,0.511,0.159,0
"SLC23A2",0,0.705155121946421,0.547,0.187,0
"USP32",6.97154614520294e-300,0.705041926109798,0.746,0.361,3.01881891179578e-295
"CLIC4",0,0.699928891188619,0.762,0.345,0
"CCDC91",2.21590018438959e-248,0.697428379451607,0.539,0.221,9.5952909784438e-244
"MEF2A",0,0.691554983314376,0.692,0.286,0
"CD9",0,0.685052794954037,0.737,0.325,0
"ECPAS",0,0.682153223656311,0.594,0.221,0
"APBB2",7.66853018434227e-231,0.678611542765953,0.895,0.584,3.32062694042389e-226
"IQGAP1",1.12462965604715e-296,0.67800814363522,0.808,0.424,4.86987133661535e-292
"TENT2",0,0.677147682128297,0.578,0.207,0
"AC118549.1",2.56396784717068e-287,0.672504768467472,0.616,0.247,1.11024935718185e-282
"SNX9",0,0.669912310568661,0.712,0.308,0
"PPP2R2A",0,0.669142372853961,0.761,0.345,0
"JUND",0,0.66550176032353,0.734,0.24,0
"AKAP6",2.98030130425465e-241,0.661898508262502,0.927,0.64,1.29053007076835e-236
"ZCCHC7",5.35770223277028e-229,0.66115726410333,0.621,0.292,2.31999222083419e-224
"DNM3",0,0.660746886511808,0.969,0.721,0
"PRUNE2",3.18179988877672e-244,0.65831502874681,0.939,0.651,1.3777829878381e-239
"ELMO1",4.51753315709749e-247,0.657247180147219,0.961,0.697,1.95618220768635e-242
"DPYD",3.17382308567492e-207,0.656932003429325,0.923,0.672,1.37432887255895e-202
"ANKRD28",1.88335840467333e-306,0.655839234875583,0.769,0.372,8.15531856391647e-302
"PTPRK",6.59148900323513e-244,0.649732921600675,0.938,0.662,2.85424656818088e-239
"SPATS2L",0,0.6438047453982,0.554,0.185,0
"PTK2",1.16453763634467e-234,0.643753602333357,0.931,0.649,5.04268087289968e-230
"CLIP4",0,0.643018905676962,0.683,0.277,0
"TMTC4",1.65864826343833e-256,0.638974290333147,0.7,0.341,7.18227871034066e-252
"SLC22A23",4.68181450799837e-239,0.628972292947705,0.81,0.442,2.02731931825345e-234
"PRKN",2.94321434408206e-221,0.624965778907516,0.603,0.272,1.27447067527441e-216
"DIP2C",4.97534457850764e-256,0.624193440337836,0.925,0.579,2.15442370938538e-251
"AC026316.5",0,0.623255694872055,0.864,0.368,0
"ACTG1",0,0.621198725275211,0.71,0.222,0
"UTY",5.25718577761254e-202,0.611841083433829,0.554,0.255,2.27646658542178e-197
"MT2A",0,0.609938247478544,0.506,0.111,0
"FUT9",0,0.606122410106068,0.505,0.166,0
"SQSTM1",0,0.605443516955165,0.509,0.149,0
"CTNNA1",0,0.602986328373828,0.727,0.317,0
"PRKCA",5.6507933620002e-264,0.598535571841617,0.592,0.236,2.44690654161333e-259
"SCD",0.000106152479724847,-0.586314277482197,0.769,0.654,1
"MOB3B",5.17690186337524e-07,-0.59961992250703,0.527,0.453,0.0224170204487874
"TMSB4X",8.42725898962678e-63,-0.609871341725716,0.574,0.301,3.64917168768819e-58
"CNP",8.74330871149987e-13,-0.616728890344267,0.856,0.72,3.78602753825367e-08
"SON",0.0215666731870016,-0.619011744738631,0.53,0.401,1
"KIAA0930",4.61388423163102e-07,-0.624285577712146,0.581,0.408,0.0199790414998086
"CCP110",3.47808103523895e-13,-0.630162060104296,0.543,0.372,1.50607864987917e-08
"WSB1",3.73407911202281e-08,-0.64464144289724,0.832,0.674,0.00161693093708812
"CNTN2",3.728323600897e-16,-0.653164141078692,0.813,0.66,1.61443868566042e-11
"ANLN",1.57939768301419e-08,-0.665004849063476,0.517,0.459,0.000683910784698805
"PLEKHH1",7.93381188031723e-37,-0.676654580525968,0.789,0.626,3.43549922041497e-32
"RAPGEF5",3.23551543361894e-45,-0.677460805851334,0.717,0.615,1.40104289306567e-40
"UGT8",1.2752785739036e-29,-0.682610881190262,0.705,0.601,5.52221128071737e-25
"NKAIN2",3.42675143424145e-68,-0.682739393577769,0.82,0.701,1.48385190605523e-63
"AMER2",0.0208418675457516,-0.6846259311775,0.752,0.593,1
"RNF220",4.61466771127029e-111,-0.687678174582585,0.92,0.767,1.99824341233426e-106
"PTMA",2.21917435963747e-06,-0.690654267427806,0.754,0.53,0.0960946881210215
"TTLL7",1.7476015685167e-140,-0.692850474697841,0.922,0.813,7.567464311991e-136
"LDB3",9.28556694919865e-11,-0.70397129401683,0.505,0.449,4.020836200342e-06
"FRYL",4.26014657648757e-103,-0.706140201729829,0.876,0.731,1.84472867055065e-98
"TRIM2",2.86268696013508e-80,-0.70643444842148,0.825,0.687,1.23960070747769e-75
"NTM",4.34604273313234e-103,-0.715901359458043,0.833,0.751,1.88192342430097e-98
"MT-ATP6",1.24387267982414e-10,-0.71712499199216,0.515,0.349,5.3862174781745e-06
"AK5",1.26939588685997e-37,-0.722201034469601,0.648,0.579,5.49673806928103e-33
"KIRREL3",5.08976748656548e-16,-0.72996508585571,0.639,0.54,2.20397111703258e-11
"LINC00609",1.27560497232267e-26,-0.760062216573074,0.624,0.548,5.52362465115164e-22
"ERMN",0.00893825084642791,-0.76683957351031,0.509,0.422,1
"POLR2F",2.54251753348444e-25,-0.785270125364153,0.65,0.559,1.10096094234943e-20
"SHTN1",8.84883703384649e-156,-0.801824689212076,0.874,0.751,3.8317234123962e-151
"CERCAM",1.44957369257178e-12,-0.802815393762216,0.661,0.557,6.27694400357432e-08
"MT-CO2",2.33756370815605e-23,-0.810509170232951,0.712,0.44,1.01221183690573e-18
"SLCO1A2",8.73803777582706e-25,-0.816170115163857,0.598,0.533,3.78374511768863e-20
"S100B",3.55550565302782e-17,-0.83676700310293,0.532,0.355,1.53960505787411e-12
"MT-ND4",1.09231556162179e-16,-0.846294831053087,0.604,0.383,4.72994484493468e-12
"AATK",5.42251088128982e-05,-0.857544555979745,0.688,0.542,1
"SRCIN1",2.21176225531134e-30,-0.910551222436162,0.508,0.484,9.57737291794915e-26
"DAAM2",8.12490913919752e-59,-0.920291112365798,0.58,0.549,3.51824815545531e-54
"GPR37",1.48919672441874e-12,-0.990254886111162,0.566,0.488,6.44851965607802e-08
"APOD",0.00174681198144526,-1.0374723852667,0.621,0.432,1
"MBP",0,-1.11036633369383,0.973,0.933,0
"LUC7L3",4.6803977704117e-99,-1.29909765458476,0.681,0.647,2.02670584254367e-94
"MOBP",0,-2.01767147584332,0.624,0.8,0
